{
  "id": 454141707,
  "node_id": "R_kgDOGxGnCw",
  "name": "Everforest-GTK-Theme",
  "full_name": "Fausto-Korpsvart/Everforest-GTK-Theme",
  "private": false,
  "owner": {
    "login": "Fausto-Korpsvart",
    "id": 47998118,
    "node_id": "MDQ6VXNlcjQ3OTk4MTE4",
    "avatar_url": "https://avatars.githubusercontent.com/u/47998118?v=4",
    "gravatar_id": "",
    "url": "https://api.github.com/users/Fausto-Korpsvart",
    "html_url": "https://github.com/Fausto-Korpsvart",
    "followers_url": "https://api.github.com/users/Fausto-Korpsvart/followers",
    "following_url": "https://api.github.com/users/Fausto-Korpsvart/following{/other_user}",
    "gists_url": "https://api.github.com/users/Fausto-Korpsvart/gists{/gist_id}",
    "starred_url": "https://api.github.com/users/Fausto-Korpsvart/starred{/owner}{/repo}",
    "subscriptions_url": "https://api.github.com/users/Fausto-Korpsvart/subscriptions",
    "organizations_url": "https://api.github.com/users/Fausto-Korpsvart/orgs",
    "repos_url": "https://api.github.com/users/Fausto-Korpsvart/repos",
    "events_url": "https://api.github.com/users/Fausto-Korpsvart/events{/privacy}",
    "received_events_url": "https://api.github.com/users/Fausto-Korpsvart/received_events",
    "type": "User",
    "user_view_type": "public",
    "site_admin": false
  },
  "html_url": "https://github.com/Fausto-Korpsvart/Everforest-GTK-Theme",
  "description": "Everforest colour palette for GTK",
  "fork": false,
  "url": "https://api.github.com/repos/Fausto-Korpsvart/Everforest-GTK-Theme",
  "forks_url": "https://api.github.com/repos/Fausto-Korpsvart/Everforest-GTK-Theme/forks",
  "keys_url": "https://api.github.com/repos/Fausto-Korpsvart/Everforest-GTK-Theme/keys{/key_id}",
  "collaborators_url": "https://api.github.com/repos/Fausto-Korpsvart/Everforest-GTK-Theme/collaborators{/collaborator}",
  "teams_url": "https://api.github.com/repos/Fausto-Korpsvart/Everforest-GTK-Theme/teams",
  "hooks_url": "https://api.github.com/repos/Fausto-Korpsvart/Everforest-GTK-Theme/hooks",
  "issue_events_url": "https://api.github.com/repos/Fausto-Korpsvart/Everforest-GTK-Theme/issues/events{/number}",
  "events_url": "https://api.github.com/repos/Fausto-Korpsvart/Everforest-GTK-Theme/events",
  "assignees_url": "https://api.github.com/repos/Fausto-Korpsvart/Everforest-GTK-Theme/assignees{/user}",
  "branches_url": "https://api.github.com/repos/Fausto-Korpsvart/Everforest-GTK-Theme/branches{/branch}",
  "tags_url": "https://api.github.com/repos/Fausto-Korpsvart/Everforest-GTK-Theme/tags",
  "blobs_url": "https://api.github.com/repos/Fausto-Korpsvart/Everforest-GTK-Theme/git/blobs{/sha}",
  "git_tags_url": "https://api.github.com/repos/Fausto-Korpsvart/Everforest-GTK-Theme/git/tags{/sha}",
  "git_refs_url": "https://api.github.com/repos/Fausto-Korpsvart/Everforest-GTK-Theme/git/refs{/sha}",
  "trees_url": "https://api.github.com/repos/Fausto-Korpsvart/Everforest-GTK-Theme/git/trees{/sha}",
  "statuses_url": "https://api.github.com/repos/Fausto-Korpsvart/Everforest-GTK-Theme/statuses/{sha}",
  "languages_url": "https://api.github.com/repos/Fausto-Korpsvart/Everforest-GTK-Theme/languages",
  "stargazers_url": "https://api.github.com/repos/Fausto-Korpsvart/Everforest-GTK-Theme/stargazers",
  "contributors_url": "https://api.github.com/repos/Fausto-Korpsvart/Everforest-GTK-Theme/contributors",
  "subscribers_url": "https://api.github.com/repos/Fausto-Korpsvart/Everforest-GTK-Theme/subscribers",
  "subscription_url": "https://api.github.com/repos/Fausto-Korpsvart/Everforest-GTK-Theme/subscription",
  "commits_url": "https://api.github.com/repos/Fausto-Korpsvart/Everforest-GTK-Theme/commits{/sha}",
  "git_commits_url": "https://api.github.com/repos/Fausto-Korpsvart/Everforest-GTK-Theme/git/commits{/sha}",
  "comments_url": "https://api.github.com/repos/Fausto-Korpsvart/Everforest-GTK-Theme/comments{/number}",
  "issue_comment_url": "https://api.github.com/repos/Fausto-Korpsvart/Everforest-GTK-Theme/issues/comments{/number}",
  "contents_url": "https://api.github.com/repos/Fausto-Korpsvart/Everforest-GTK-Theme/contents/{+path}",
  "compare_url": "https://api.github.com/repos/Fausto-Korpsvart/Everforest-GTK-Theme/compare/{base}...{head}",
  "merges_url": "https://api.github.com/repos/Fausto-Korpsvart/Everforest-GTK-Theme/merges",
  "archive_url": "https://api.github.com/repos/Fausto-Korpsvart/Everforest-GTK-Theme/{archive_format}{/ref}",
  "downloads_url": "https://api.github.com/repos/Fausto-Korpsvart/Everforest-GTK-Theme/downloads",
  "issues_url": "https://api.github.com/repos/Fausto-Korpsvart/Everforest-GTK-Theme/issues{/number}",
  "pulls_url": "https://api.github.com/repos/Fausto-Korpsvart/Everforest-GTK-Theme/pulls{/number}",
  "milestones_url": "https://api.github.com/repos/Fausto-Korpsvart/Everforest-GTK-Theme/milestones{/number}",
  "notifications_url": "https://api.github.com/repos/Fausto-Korpsvart/Everforest-GTK-Theme/notifications{?since,all,participating}",
  "labels_url": "https://api.github.com/repos/Fausto-Korpsvart/Everforest-GTK-Theme/labels{/name}",
  "releases_url": "https://api.github.com/repos/Fausto-Korpsvart/Everforest-GTK-Theme/releases{/id}",
  "deployments_url": "https://api.github.com/repos/Fausto-Korpsvart/Everforest-GTK-Theme/deployments",
  "created_at": "2022-01-31T19:29:11Z",
  "updated_at": "2025-07-08T21:19:42Z",
  "pushed_at": "2025-04-24T23:34:45Z",
  "git_url": "git://github.com/Fausto-Korpsvart/Everforest-GTK-Theme.git",
  "ssh_url": "git@github.com:Fausto-Korpsvart/Everforest-GTK-Theme.git",
  "clone_url": "https://github.com/Fausto-Korpsvart/Everforest-GTK-Theme.git",
  "svn_url": "https://github.com/Fausto-Korpsvart/Everforest-GTK-Theme",
  "homepage": "https://www.gnome-look.org/p/1695467",
  "size": 44654,
  "stargazers_count": 288,
  "watchers_count": 288,
  "language": "SCSS",
  "has_issues": true,
  "has_projects": true,
  "has_downloads": true,
  "has_wiki": true,
  "has_pages": false,
  "has_discussions": false,
  "forks_count": 6,
  "mirror_url": null,
  "archived": false,
  "disabled": false,
  "open_issues_count": 9,
  "license": {
    "key": "gpl-3.0",
    "name": "GNU General Public License v3.0",
    "spdx_id": "GPL-3.0",
    "url": "https://api.github.com/licenses/gpl-3.0",
    "node_id": "MDc6TGljZW5zZTk="
  },
  "allow_forking": true,
  "is_template": false,
  "web_commit_signoff_required": false,
  "topics": [

  ],
  "visibility": "public",
  "forks": 6,
  "open_issues": 9,
  "watchers": 288,
  "default_branch": "master",
  "temp_clone_token": null,
  "network_count": 6,
  "subscribers_count": 5
}
