{
  "id": 358262896,
  "node_id": "MDEwOlJlcG9zaXRvcnkzNTgyNjI4OTY=",
  "name": "gruvbox-plus-icon-pack",
  "full_name": "SylEleuth/gruvbox-plus-icon-pack",
  "private": false,
  "owner": {
    "login": "SylEleuth",
    "id": 33354262,
    "node_id": "MDQ6VXNlcjMzMzU0MjYy",
    "avatar_url": "https://avatars.githubusercontent.com/u/33354262?v=4",
    "gravatar_id": "",
    "url": "https://api.github.com/users/SylEleuth",
    "html_url": "https://github.com/SylEleuth",
    "followers_url": "https://api.github.com/users/SylEleuth/followers",
    "following_url": "https://api.github.com/users/SylEleuth/following{/other_user}",
    "gists_url": "https://api.github.com/users/SylEleuth/gists{/gist_id}",
    "starred_url": "https://api.github.com/users/SylEleuth/starred{/owner}{/repo}",
    "subscriptions_url": "https://api.github.com/users/SylEleuth/subscriptions",
    "organizations_url": "https://api.github.com/users/SylEleuth/orgs",
    "repos_url": "https://api.github.com/users/SylEleuth/repos",
    "events_url": "https://api.github.com/users/SylEleuth/events{/privacy}",
    "received_events_url": "https://api.github.com/users/SylEleuth/received_events",
    "type": "User",
    "user_view_type": "public",
    "site_admin": false
  },
  "html_url": "https://github.com/SylEleuth/gruvbox-plus-icon-pack",
  "description": "Gruvbox Plus icon pack for Linux desktops based on Gruvbox color theme.",
  "fork": false,
  "url": "https://api.github.com/repos/SylEleuth/gruvbox-plus-icon-pack",
  "forks_url": "https://api.github.com/repos/SylEleuth/gruvbox-plus-icon-pack/forks",
  "keys_url": "https://api.github.com/repos/SylEleuth/gruvbox-plus-icon-pack/keys{/key_id}",
  "collaborators_url": "https://api.github.com/repos/SylEleuth/gruvbox-plus-icon-pack/collaborators{/collaborator}",
  "teams_url": "https://api.github.com/repos/SylEleuth/gruvbox-plus-icon-pack/teams",
  "hooks_url": "https://api.github.com/repos/SylEleuth/gruvbox-plus-icon-pack/hooks",
  "issue_events_url": "https://api.github.com/repos/SylEleuth/gruvbox-plus-icon-pack/issues/events{/number}",
  "events_url": "https://api.github.com/repos/SylEleuth/gruvbox-plus-icon-pack/events",
  "assignees_url": "https://api.github.com/repos/SylEleuth/gruvbox-plus-icon-pack/assignees{/user}",
  "branches_url": "https://api.github.com/repos/SylEleuth/gruvbox-plus-icon-pack/branches{/branch}",
  "tags_url": "https://api.github.com/repos/SylEleuth/gruvbox-plus-icon-pack/tags",
  "blobs_url": "https://api.github.com/repos/SylEleuth/gruvbox-plus-icon-pack/git/blobs{/sha}",
  "git_tags_url": "https://api.github.com/repos/SylEleuth/gruvbox-plus-icon-pack/git/tags{/sha}",
  "git_refs_url": "https://api.github.com/repos/SylEleuth/gruvbox-plus-icon-pack/git/refs{/sha}",
  "trees_url": "https://api.github.com/repos/SylEleuth/gruvbox-plus-icon-pack/git/trees{/sha}",
  "statuses_url": "https://api.github.com/repos/SylEleuth/gruvbox-plus-icon-pack/statuses/{sha}",
  "languages_url": "https://api.github.com/repos/SylEleuth/gruvbox-plus-icon-pack/languages",
  "stargazers_url": "https://api.github.com/repos/SylEleuth/gruvbox-plus-icon-pack/stargazers",
  "contributors_url": "https://api.github.com/repos/SylEleuth/gruvbox-plus-icon-pack/contributors",
  "subscribers_url": "https://api.github.com/repos/SylEleuth/gruvbox-plus-icon-pack/subscribers",
  "subscription_url": "https://api.github.com/repos/SylEleuth/gruvbox-plus-icon-pack/subscription",
  "commits_url": "https://api.github.com/repos/SylEleuth/gruvbox-plus-icon-pack/commits{/sha}",
  "git_commits_url": "https://api.github.com/repos/SylEleuth/gruvbox-plus-icon-pack/git/commits{/sha}",
  "comments_url": "https://api.github.com/repos/SylEleuth/gruvbox-plus-icon-pack/comments{/number}",
  "issue_comment_url": "https://api.github.com/repos/SylEleuth/gruvbox-plus-icon-pack/issues/comments{/number}",
  "contents_url": "https://api.github.com/repos/SylEleuth/gruvbox-plus-icon-pack/contents/{+path}",
  "compare_url": "https://api.github.com/repos/SylEleuth/gruvbox-plus-icon-pack/compare/{base}...{head}",
  "merges_url": "https://api.github.com/repos/SylEleuth/gruvbox-plus-icon-pack/merges",
  "archive_url": "https://api.github.com/repos/SylEleuth/gruvbox-plus-icon-pack/{archive_format}{/ref}",
  "downloads_url": "https://api.github.com/repos/SylEleuth/gruvbox-plus-icon-pack/downloads",
  "issues_url": "https://api.github.com/repos/SylEleuth/gruvbox-plus-icon-pack/issues{/number}",
  "pulls_url": "https://api.github.com/repos/SylEleuth/gruvbox-plus-icon-pack/pulls{/number}",
  "milestones_url": "https://api.github.com/repos/SylEleuth/gruvbox-plus-icon-pack/milestones{/number}",
  "notifications_url": "https://api.github.com/repos/SylEleuth/gruvbox-plus-icon-pack/notifications{?since,all,participating}",
  "labels_url": "https://api.github.com/repos/SylEleuth/gruvbox-plus-icon-pack/labels{/name}",
  "releases_url": "https://api.github.com/repos/SylEleuth/gruvbox-plus-icon-pack/releases{/id}",
  "deployments_url": "https://api.github.com/repos/SylEleuth/gruvbox-plus-icon-pack/deployments",
  "created_at": "2021-04-15T13:08:01Z",
  "updated_at": "2025-07-08T14:39:38Z",
  "pushed_at": "2025-07-08T09:37:21Z",
  "git_url": "git://github.com/SylEleuth/gruvbox-plus-icon-pack.git",
  "ssh_url": "git@github.com:SylEleuth/gruvbox-plus-icon-pack.git",
  "clone_url": "https://github.com/SylEleuth/gruvbox-plus-icon-pack.git",
  "svn_url": "https://github.com/SylEleuth/gruvbox-plus-icon-pack",
  "homepage": "",
  "size": 55830,
  "stargazers_count": 504,
  "watchers_count": 504,
  "language": "Shell",
  "has_issues": true,
  "has_projects": true,
  "has_downloads": true,
  "has_wiki": true,
  "has_pages": false,
  "has_discussions": true,
  "forks_count": 29,
  "mirror_url": null,
  "archived": false,
  "disabled": false,
  "open_issues_count": 4,
  "license": {
    "key": "gpl-3.0",
    "name": "GNU General Public License v3.0",
    "spdx_id": "GPL-3.0",
    "url": "https://api.github.com/licenses/gpl-3.0",
    "node_id": "MDc6TGljZW5zZTk="
  },
  "allow_forking": true,
  "is_template": false,
  "web_commit_signoff_required": false,
  "topics": [
    "gruvbox",
    "gruvbox-colors",
    "gruvbox-theme",
    "icon-pack",
    "icons",
    "kde",
    "kde-plasma",
    "linux-desktop",
    "theme"
  ],
  "visibility": "public",
  "forks": 29,
  "open_issues": 4,
  "watchers": 504,
  "default_branch": "master",
  "temp_clone_token": null,
  "network_count": 29,
  "subscribers_count": 6
}
