{
  "id": 160926124,
  "node_id": "MDEwOlJlcG9zaXRvcnkxNjA5MjYxMjQ=",
  "name": "kora",
  "full_name": "bikass/kora",
  "private": false,
  "owner": {
    "login": "bikass",
    "id": 8824269,
    "node_id": "MDQ6VXNlcjg4MjQyNjk=",
    "avatar_url": "https://avatars.githubusercontent.com/u/8824269?v=4",
    "gravatar_id": "",
    "url": "https://api.github.com/users/bikass",
    "html_url": "https://github.com/bikass",
    "followers_url": "https://api.github.com/users/bikass/followers",
    "following_url": "https://api.github.com/users/bikass/following{/other_user}",
    "gists_url": "https://api.github.com/users/bikass/gists{/gist_id}",
    "starred_url": "https://api.github.com/users/bikass/starred{/owner}{/repo}",
    "subscriptions_url": "https://api.github.com/users/bikass/subscriptions",
    "organizations_url": "https://api.github.com/users/bikass/orgs",
    "repos_url": "https://api.github.com/users/bikass/repos",
    "events_url": "https://api.github.com/users/bikass/events{/privacy}",
    "received_events_url": "https://api.github.com/users/bikass/received_events",
    "type": "User",
    "user_view_type": "public",
    "site_admin": false
  },
  "html_url": "https://github.com/bikass/kora",
  "description": "Kora icon theme for GNU/Linux os",
  "fork": false,
  "url": "https://api.github.com/repos/bikass/kora",
  "forks_url": "https://api.github.com/repos/bikass/kora/forks",
  "keys_url": "https://api.github.com/repos/bikass/kora/keys{/key_id}",
  "collaborators_url": "https://api.github.com/repos/bikass/kora/collaborators{/collaborator}",
  "teams_url": "https://api.github.com/repos/bikass/kora/teams",
  "hooks_url": "https://api.github.com/repos/bikass/kora/hooks",
  "issue_events_url": "https://api.github.com/repos/bikass/kora/issues/events{/number}",
  "events_url": "https://api.github.com/repos/bikass/kora/events",
  "assignees_url": "https://api.github.com/repos/bikass/kora/assignees{/user}",
  "branches_url": "https://api.github.com/repos/bikass/kora/branches{/branch}",
  "tags_url": "https://api.github.com/repos/bikass/kora/tags",
  "blobs_url": "https://api.github.com/repos/bikass/kora/git/blobs{/sha}",
  "git_tags_url": "https://api.github.com/repos/bikass/kora/git/tags{/sha}",
  "git_refs_url": "https://api.github.com/repos/bikass/kora/git/refs{/sha}",
  "trees_url": "https://api.github.com/repos/bikass/kora/git/trees{/sha}",
  "statuses_url": "https://api.github.com/repos/bikass/kora/statuses/{sha}",
  "languages_url": "https://api.github.com/repos/bikass/kora/languages",
  "stargazers_url": "https://api.github.com/repos/bikass/kora/stargazers",
  "contributors_url": "https://api.github.com/repos/bikass/kora/contributors",
  "subscribers_url": "https://api.github.com/repos/bikass/kora/subscribers",
  "subscription_url": "https://api.github.com/repos/bikass/kora/subscription",
  "commits_url": "https://api.github.com/repos/bikass/kora/commits{/sha}",
  "git_commits_url": "https://api.github.com/repos/bikass/kora/git/commits{/sha}",
  "comments_url": "https://api.github.com/repos/bikass/kora/comments{/number}",
  "issue_comment_url": "https://api.github.com/repos/bikass/kora/issues/comments{/number}",
  "contents_url": "https://api.github.com/repos/bikass/kora/contents/{+path}",
  "compare_url": "https://api.github.com/repos/bikass/kora/compare/{base}...{head}",
  "merges_url": "https://api.github.com/repos/bikass/kora/merges",
  "archive_url": "https://api.github.com/repos/bikass/kora/{archive_format}{/ref}",
  "downloads_url": "https://api.github.com/repos/bikass/kora/downloads",
  "issues_url": "https://api.github.com/repos/bikass/kora/issues{/number}",
  "pulls_url": "https://api.github.com/repos/bikass/kora/pulls{/number}",
  "milestones_url": "https://api.github.com/repos/bikass/kora/milestones{/number}",
  "notifications_url": "https://api.github.com/repos/bikass/kora/notifications{?since,all,participating}",
  "labels_url": "https://api.github.com/repos/bikass/kora/labels{/name}",
  "releases_url": "https://api.github.com/repos/bikass/kora/releases{/id}",
  "deployments_url": "https://api.github.com/repos/bikass/kora/deployments",
  "created_at": "2018-12-08T09:58:41Z",
  "updated_at": "2025-07-09T05:01:43Z",
  "pushed_at": "2025-05-03T13:45:10Z",
  "git_url": "git://github.com/bikass/kora.git",
  "ssh_url": "git@github.com:bikass/kora.git",
  "clone_url": "https://github.com/bikass/kora.git",
  "svn_url": "https://github.com/bikass/kora",
  "homepage": "",
  "size": 54180,
  "stargazers_count": 798,
  "watchers_count": 798,
  "language": "Shell",
  "has_issues": true,
  "has_projects": true,
  "has_downloads": true,
  "has_wiki": true,
  "has_pages": false,
  "has_discussions": false,
  "forks_count": 40,
  "mirror_url": null,
  "archived": false,
  "disabled": false,
  "open_issues_count": 6,
  "license": {
    "key": "gpl-3.0",
    "name": "GNU General Public License v3.0",
    "spdx_id": "GPL-3.0",
    "url": "https://api.github.com/licenses/gpl-3.0",
    "node_id": "MDc6TGljZW5zZTk="
  },
  "allow_forking": true,
  "is_template": false,
  "web_commit_signoff_required": false,
  "topics": [

  ],
  "visibility": "public",
  "forks": 40,
  "open_issues": 6,
  "watchers": 798,
  "default_branch": "master",
  "temp_clone_token": null,
  "network_count": 40,
  "subscribers_count": 13
}
