{
  "id": 60187911,
  "node_id": "MDEwOlJlcG9zaXRvcnk2MDE4NzkxMQ==",
  "name": "papirus-icon-theme",
  "full_name": "PapirusDevelopmentTeam/papirus-icon-theme",
  "private": false,
  "owner": {
    "login": "PapirusDevelopmentTeam",
    "id": 19689649,
    "node_id": "MDEyOk9yZ2FuaXphdGlvbjE5Njg5NjQ5",
    "avatar_url": "https://avatars.githubusercontent.com/u/19689649?v=4",
    "gravatar_id": "",
    "url": "https://api.github.com/users/PapirusDevelopmentTeam",
    "html_url": "https://github.com/PapirusDevelopmentTeam",
    "followers_url": "https://api.github.com/users/PapirusDevelopmentTeam/followers",
    "following_url": "https://api.github.com/users/PapirusDevelopmentTeam/following{/other_user}",
    "gists_url": "https://api.github.com/users/PapirusDevelopmentTeam/gists{/gist_id}",
    "starred_url": "https://api.github.com/users/PapirusDevelopmentTeam/starred{/owner}{/repo}",
    "subscriptions_url": "https://api.github.com/users/PapirusDevelopmentTeam/subscriptions",
    "organizations_url": "https://api.github.com/users/PapirusDevelopmentTeam/orgs",
    "repos_url": "https://api.github.com/users/PapirusDevelopmentTeam/repos",
    "events_url": "https://api.github.com/users/PapirusDevelopmentTeam/events{/privacy}",
    "received_events_url": "https://api.github.com/users/PapirusDevelopmentTeam/received_events",
    "type": "Organization",
    "user_view_type": "public",
    "site_admin": false
  },
  "html_url": "https://github.com/PapirusDevelopmentTeam/papirus-icon-theme",
  "description": "Pixel perfect icon theme for Linux",
  "fork": false,
  "url": "https://api.github.com/repos/PapirusDevelopmentTeam/papirus-icon-theme",
  "forks_url": "https://api.github.com/repos/PapirusDevelopmentTeam/papirus-icon-theme/forks",
  "keys_url": "https://api.github.com/repos/PapirusDevelopmentTeam/papirus-icon-theme/keys{/key_id}",
  "collaborators_url": "https://api.github.com/repos/PapirusDevelopmentTeam/papirus-icon-theme/collaborators{/collaborator}",
  "teams_url": "https://api.github.com/repos/PapirusDevelopmentTeam/papirus-icon-theme/teams",
  "hooks_url": "https://api.github.com/repos/PapirusDevelopmentTeam/papirus-icon-theme/hooks",
  "issue_events_url": "https://api.github.com/repos/PapirusDevelopmentTeam/papirus-icon-theme/issues/events{/number}",
  "events_url": "https://api.github.com/repos/PapirusDevelopmentTeam/papirus-icon-theme/events",
  "assignees_url": "https://api.github.com/repos/PapirusDevelopmentTeam/papirus-icon-theme/assignees{/user}",
  "branches_url": "https://api.github.com/repos/PapirusDevelopmentTeam/papirus-icon-theme/branches{/branch}",
  "tags_url": "https://api.github.com/repos/PapirusDevelopmentTeam/papirus-icon-theme/tags",
  "blobs_url": "https://api.github.com/repos/PapirusDevelopmentTeam/papirus-icon-theme/git/blobs{/sha}",
  "git_tags_url": "https://api.github.com/repos/PapirusDevelopmentTeam/papirus-icon-theme/git/tags{/sha}",
  "git_refs_url": "https://api.github.com/repos/PapirusDevelopmentTeam/papirus-icon-theme/git/refs{/sha}",
  "trees_url": "https://api.github.com/repos/PapirusDevelopmentTeam/papirus-icon-theme/git/trees{/sha}",
  "statuses_url": "https://api.github.com/repos/PapirusDevelopmentTeam/papirus-icon-theme/statuses/{sha}",
  "languages_url": "https://api.github.com/repos/PapirusDevelopmentTeam/papirus-icon-theme/languages",
  "stargazers_url": "https://api.github.com/repos/PapirusDevelopmentTeam/papirus-icon-theme/stargazers",
  "contributors_url": "https://api.github.com/repos/PapirusDevelopmentTeam/papirus-icon-theme/contributors",
  "subscribers_url": "https://api.github.com/repos/PapirusDevelopmentTeam/papirus-icon-theme/subscribers",
  "subscription_url": "https://api.github.com/repos/PapirusDevelopmentTeam/papirus-icon-theme/subscription",
  "commits_url": "https://api.github.com/repos/PapirusDevelopmentTeam/papirus-icon-theme/commits{/sha}",
  "git_commits_url": "https://api.github.com/repos/PapirusDevelopmentTeam/papirus-icon-theme/git/commits{/sha}",
  "comments_url": "https://api.github.com/repos/PapirusDevelopmentTeam/papirus-icon-theme/comments{/number}",
  "issue_comment_url": "https://api.github.com/repos/PapirusDevelopmentTeam/papirus-icon-theme/issues/comments{/number}",
  "contents_url": "https://api.github.com/repos/PapirusDevelopmentTeam/papirus-icon-theme/contents/{+path}",
  "compare_url": "https://api.github.com/repos/PapirusDevelopmentTeam/papirus-icon-theme/compare/{base}...{head}",
  "merges_url": "https://api.github.com/repos/PapirusDevelopmentTeam/papirus-icon-theme/merges",
  "archive_url": "https://api.github.com/repos/PapirusDevelopmentTeam/papirus-icon-theme/{archive_format}{/ref}",
  "downloads_url": "https://api.github.com/repos/PapirusDevelopmentTeam/papirus-icon-theme/downloads",
  "issues_url": "https://api.github.com/repos/PapirusDevelopmentTeam/papirus-icon-theme/issues{/number}",
  "pulls_url": "https://api.github.com/repos/PapirusDevelopmentTeam/papirus-icon-theme/pulls{/number}",
  "milestones_url": "https://api.github.com/repos/PapirusDevelopmentTeam/papirus-icon-theme/milestones{/number}",
  "notifications_url": "https://api.github.com/repos/PapirusDevelopmentTeam/papirus-icon-theme/notifications{?since,all,participating}",
  "labels_url": "https://api.github.com/repos/PapirusDevelopmentTeam/papirus-icon-theme/labels{/name}",
  "releases_url": "https://api.github.com/repos/PapirusDevelopmentTeam/papirus-icon-theme/releases{/id}",
  "deployments_url": "https://api.github.com/repos/PapirusDevelopmentTeam/papirus-icon-theme/deployments",
  "created_at": "2016-06-01T15:14:58Z",
  "updated_at": "2025-07-09T03:28:56Z",
  "pushed_at": "2025-07-04T06:07:18Z",
  "git_url": "git://github.com/PapirusDevelopmentTeam/papirus-icon-theme.git",
  "ssh_url": "git@github.com:PapirusDevelopmentTeam/papirus-icon-theme.git",
  "clone_url": "https://github.com/PapirusDevelopmentTeam/papirus-icon-theme.git",
  "svn_url": "https://github.com/PapirusDevelopmentTeam/papirus-icon-theme",
  "homepage": "https://git.io/papirus-icon-theme",
  "size": 346815,
  "stargazers_count": 7202,
  "watchers_count": 7202,
  "language": "Shell",
  "has_issues": true,
  "has_projects": true,
  "has_downloads": true,
  "has_wiki": true,
  "has_pages": false,
  "has_discussions": false,
  "forks_count": 451,
  "mirror_url": null,
  "archived": false,
  "disabled": false,
  "open_issues_count": 429,
  "license": {
    "key": "gpl-3.0",
    "name": "GNU General Public License v3.0",
    "spdx_id": "GPL-3.0",
    "url": "https://api.github.com/licenses/gpl-3.0",
    "node_id": "MDc6TGljZW5zZTk="
  },
  "allow_forking": true,
  "is_template": false,
  "web_commit_signoff_required": false,
  "topics": [
    "icon-theme",
    "icons",
    "linux",
    "papirus",
    "papirus-icon-theme",
    "papirus-theme",
    "theme"
  ],
  "visibility": "public",
  "forks": 451,
  "open_issues": 429,
  "watchers": 7202,
  "default_branch": "master",
  "temp_clone_token": null,
  "custom_properties": {

  },
  "organization": {
    "login": "PapirusDevelopmentTeam",
    "id": 19689649,
    "node_id": "MDEyOk9yZ2FuaXphdGlvbjE5Njg5NjQ5",
    "avatar_url": "https://avatars.githubusercontent.com/u/19689649?v=4",
    "gravatar_id": "",
    "url": "https://api.github.com/users/PapirusDevelopmentTeam",
    "html_url": "https://github.com/PapirusDevelopmentTeam",
    "followers_url": "https://api.github.com/users/PapirusDevelopmentTeam/followers",
    "following_url": "https://api.github.com/users/PapirusDevelopmentTeam/following{/other_user}",
    "gists_url": "https://api.github.com/users/PapirusDevelopmentTeam/gists{/gist_id}",
    "starred_url": "https://api.github.com/users/PapirusDevelopmentTeam/starred{/owner}{/repo}",
    "subscriptions_url": "https://api.github.com/users/PapirusDevelopmentTeam/subscriptions",
    "organizations_url": "https://api.github.com/users/PapirusDevelopmentTeam/orgs",
    "repos_url": "https://api.github.com/users/PapirusDevelopmentTeam/repos",
    "events_url": "https://api.github.com/users/PapirusDevelopmentTeam/events{/privacy}",
    "received_events_url": "https://api.github.com/users/PapirusDevelopmentTeam/received_events",
    "type": "Organization",
    "user_view_type": "public",
    "site_admin": false
  },
  "network_count": 451,
  "subscribers_count": 96
}
